{"stats":{"minecraft:custom":{"minecraft:time_since_rest":15370,"minecraft:crouch_one_cm":564,"minecraft:play_time":15370,"minecraft:sprint_one_cm":48741,"minecraft:damage_taken":90,"minecraft:walk_one_cm":29374,"minecraft:sneak_time":278,"minecraft:walk_under_water_one_cm":1529,"minecraft:mob_kills":43,"minecraft:jump":168,"minecraft:leave_game":1,"minecraft:time_since_death":15370,"minecraft:walk_on_water_one_cm":673,"minecraft:total_world_time":15370,"minecraft:interact_with_crafting_table":3,"minecraft:swim_one_cm":4808,"minecraft:fall_one_cm":1732,"minecraft:fly_one_cm":55215},"minecraft:used":{"gunscraft:vending_machine":1},"minecraft:killed":{"minecraft:skeleton":5,"minecraft:spider":2,"minecraft:zombie":11,"minecraft:cod":8,"minecraft:zombie_villager":1,"minecraft:creeper":11,"minecraft:cow":5},"minecraft:picked_up":{"gunscraft:mg3":1,"minecraft:bone":4,"minecraft:arrow":3,"minecraft:rotten_flesh":10,"minecraft:bow":1,"minecraft:leather":5,"minecraft:beef":9,"minecraft:gunpowder":6}},"DataVersion":3465}