{"stats":{"minecraft:mined":{"minecraft:grass":2,"minecraft:oak_log":6,"minecraft:oak_leaves":1},"minecraft:custom":{"minecraft:jump":19,"minecraft:time_since_rest":3139,"minecraft:leave_game":1,"minecraft:crouch_one_cm":718,"minecraft:sprint_one_cm":2004,"minecraft:play_time":3139,"minecraft:time_since_death":3139,"minecraft:walk_one_cm":3827,"minecraft:sneak_time":213,"minecraft:total_world_time":3139,"minecraft:interact_with_crafting_table":1,"minecraft:fall_one_cm":836,"minecraft:fly_one_cm":12470},"minecraft:picked_up":{"minecraft:oak_log":6,"minecraft:wheat_seeds":1},"minecraft:used":{"minecraft:crafting_table":1},"minecraft:crafted":{"minecraft:crafting_table":1,"minecraft:oak_planks":24}},"DataVersion":3465}