{"stats":{"minecraft:mined":{"minecraft:grass":2,"minecraft:oak_log":6,"minecraft:oak_leaves":1},"minecraft:custom":{"minecraft:time_since_rest":17160,"minecraft:sprint_one_cm":31672,"minecraft:walk_one_cm":48207,"minecraft:mob_kills":48,"minecraft:drop":31,"minecraft:interact_with_crafting_table":1,"minecraft:fly_one_cm":92635,"minecraft:open_chest":1,"minecraft:crouch_one_cm":1144,"minecraft:play_time":17160,"minecraft:sneak_time":408,"minecraft:damage_dealt_resisted":1380,"minecraft:jump":147,"minecraft:leave_game":2,"minecraft:time_since_death":17160,"minecraft:total_world_time":17160,"minecraft:fall_one_cm":836},"minecraft:killed":{"minecraft:sheep":2,"minecraft:skeleton":4,"born_in_chaos_v1:zombie_clown":2,"born_in_chaos_v1:spiritof_chaos":1,"born_in_chaos_v1:bloody_gadfly":1,"born_in_chaos_v1:bonescaller":1,"born_in_chaos_v1:decaying_zombie":1,"minecraft:zombie":12,"alexsmobs:grizzly_bear":2,"born_in_chaos_v1:zombie_lumberjack":1,"born_in_chaos_v1:baby_skeleton":2,"born_in_chaos_v1:dark_vortex":1,"alexsmobs:raccoon":3,"minecraft:spider":3,"alexsmobs:fly":1,"born_in_chaos_v1:door_knight":1,"born_in_chaos_v1:decrepit_skeleton":5,"born_in_chaos_v1:maggot":5},"minecraft:picked_up":{"born_in_chaos_v1:corpse_maggot":3,"minecraft:stick":2,"born_in_chaos_v1:seedof_chaos":1,"minecraft:jungle_log":1,"born_in_chaos_v1:ethereal_spirit":2,"sophisticatedbackpacks:backpack":1,"born_in_chaos_v1:dark_rod":2,"minecraft:oak_log":7,"minecraft:spider_eye":2,"minecraft:string":3,"born_in_chaos_v1:intoxicating_decoction":3,"minecraft:bone":8,"minecraft:rotten_flesh":22,"born_in_chaos_v1:wood_splitter_axe":1,"minecraft:wheat_seeds":1,"alexsmobs:maggot":1,"born_in_chaos_v1:stimulating_decoction":1,"minecraft:oak_sapling":2,"minecraft:mutton":3},"minecraft:used":{"minecraft:crafting_table":1},"minecraft:crafted":{"minecraft:oak_planks":24,"minecraft:crafting_table":1},"minecraft:dropped":{"alexsmobs:maggot":1,"minecraft:mutton":3,"born_in_chaos_v1:corpse_maggot":3,"minecraft:rotten_flesh":22,"minecraft:spider_eye":2}},"DataVersion":3465}