{"stats":{"minecraft:picked_up":{"minecraft:chicken":2,"minecraft:spider_eye":1},"minecraft:killed":{"minecraft:bee":3,"minecraft:spider":2,"minecraft:chicken":1,"minecraft:squid":1,"minecraft:salmon":1},"minecraft:used":{"tacz:gun_smith_table":4,"tacz:target":2},"minecraft:dropped":{"minecraft:chicken":1},"minecraft:custom":{"minecraft:jump":101,"minecraft:time_since_rest":12508,"minecraft:leave_game":1,"minecraft:damage_dealt":10,"minecraft:crouch_one_cm":507,"minecraft:sprint_one_cm":23504,"minecraft:play_time":12508,"minecraft:time_since_death":12508,"minecraft:walk_one_cm":32258,"minecraft:sneak_time":109,"minecraft:total_world_time":12508,"minecraft:mob_kills":8,"minecraft:drop":1,"minecraft:fly_one_cm":19995}},"DataVersion":3465}